Species,Family,locomotion,hunting,diet,diet_functional,bayou_reg_size,bayou_reg_hbER,bayou_reg_headER,bayou_reg_AEI_S,bayou_reg_rib_sc,geomean,hbER,headER,bodyER,AEI_C,AEI_T,AEI_L,AEI_S,body_length,avgRibLength,ln_se_geomean,ln_se_hbER,ln_se_headER,ln_se_headER.1,ln_se_bodyER,ln_se_AEI_C,ln_se_AEI_T,ln_se_AEI_L,ln_se_AEI_S,ln_se_avgRibLength
Nandinia_binotata,01Nandiniidae,arboreal,occasional,herbivore,soft,base,feliformia,base,base,feliformia,76.57737639,6.141625963,3.458291964,4.820456643,3.933861189,6.374260481,5.709788375,1.441237938,346.3066667,72,0.015991906,0.037133906,0.011291305,0.011291305,0.034928097,0.043076942,0.057942867,0.022180074,0.028489541,0.033178722
Prionodon_linsang,02Prionodontidae,semi_arboreal,ambush,carnivore,vert_flesh,base,feliformia,base,base,feliformia,56.82098909,7.48052343,3.48066497,6.016441357,5.399034603,6.886004319,7.314071066,1.668476088,293.7766667,49.26666667,0.026790135,0.060053695,0.024844829,0.024844829,0.061663102,0.020148687,0.039029168,0.025346609,0.00550204,0.07265609
Acinonyx_jubatus,03Felidae,terrestrial,pursuit,carnivore,vert_flesh,base,feliformia,base,base,feliformia,187.2960613,5.195541788,2.500101459,4.401429461,4.291687329,5.077424751,4.826176409,2.012071126,875.74,199.34,0.026921059,0.024251739,0.013960098,0.013960098,0.025449549,0.029688101,0.037233512,0.026142479,0.048229992,0.026275642
Caracal_aurata,03Felidae,terrestrial,pounce,carnivore,vert_flesh,base,feliformia,base,base,feliformia,127.4549664,5.933567799,2.69175472,4.851517606,3.655901419,5.423623247,5.865886471,1.925306035,594.16,122.5,0.017059072,0.01744956,0.028915035,0.028915035,0.015553779,0.005814493,0.083022136,0.039082446,0.120783401,0.016327981
Caracal_caracal,03Felidae,semi_arboreal,pounce,carnivore,vert_flesh,base,feliformia,base,base,feliformia,104.0932716,5.819160295,2.571860173,4.812415343,3.959431114,5.457870794,5.908831748,2.079785256,501.1733333,104.6,0.019281436,0.0489982,0.020999477,0.020999477,0.054722889,0.003112173,0.018821814,0.027357733,0.041423519,0.041949886
Catopuma_temminckii,03Felidae,terrestrial,ambush,carnivore,vert_flesh,base,feliformia,base,base,feliformia,110.6325997,6.152148493,2.475273917,5.041901988,3.77288359,5.075396364,5.620414809,1.893797289,509.6833333,101.1,0.017019141,0.008792518,0.054637471,0.054637471,0.007060255,0.044848855,0.024974172,0.021336655,0.033176223,0.021813257
Felis_chaus,03Felidae,semi_arboreal,ambush,carnivore,vert_flesh,base,feliformia,base,base,feliformia,95.75454319,6.018099405,2.620223625,4.9441,3.680642291,5.454742374,5.807736268,1.709406232,455.075,93.5,0.110873266,0.08216498,0.056937034,0.056937034,0.078862951,0.031370275,0.029076994,0.002619884,0.030217312,0.200505379
Felis_margarita,03Felidae,semi_fossorial,ambush,carnivore,vert_flesh,base,feliformia,base,base,feliformia,79.83443279,5.61691358,2.593270366,4.532222222,3.279015785,5.480178454,6.141136088,1.788285109,367.11,81,NA,NA,NA,NA,NA,NA,NA,NA,NA,NA
Felis_nigripes,03Felidae,terrestrial,ambush,carnivore,vert_flesh,base,feliformia,base,base,feliformia,60.45060118,5.567611336,2.231773321,4.432388664,3.531357225,5.666612084,6.570133541,1.595744681,273.7,61.8,NA,NA,NA,NA,NA,NA,NA,NA,NA,NA
Felis_silvestris,03Felidae,semi_arboreal,ambush,carnivore,vert_flesh,base,feliformia,base,base,feliformia,87.81000787,5.330763829,2.541524575,4.3079975,3.462643385,5.06373083,5.439181929,1.384165253,388.3925,90.275,0.051207124,0.022717512,0.020060762,0.020060762,0.021515477,0.028983319,0.021683069,0.029462735,0.049638031,0.049844725
Herpailurus_yagouaroundi,03Felidae,terrestrial,ambush,carnivore,vert_flesh,base,feliformia,base,base,feliformia,97.59695202,5.72270588,2.56989774,4.73872354,4.057694561,5.768904841,5.579049185,2.136197939,466.8633333,99.03333333,0.078435274,0.033556542,0.035989981,0.035989981,0.029743148,0.037278825,0.03620336,0.03376674,0.107053055,0.095554916
Leopardus_colocolo,03Felidae,terrestrial,ambush,carnivore,vert_flesh,base,feliformia,base,base,feliformia,84.26312155,5.437096553,2.423791447,4.444473665,3.585730375,5.554089675,5.581340745,1.734146047,383.1,86.3,0.063968807,0.008676777,0.114710553,0.114710553,0.005896368,0.03726407,0.049909921,0.00239052,0.069658238,0.104667928
Leopardus_geoffroyi,03Felidae,terrestrial,ambush,carnivore,vert_flesh,base,feliformia,base,base,feliformia,93.35310182,5.677011973,2.612048781,4.628043999,3.449496523,5.55917075,5.91344126,1.861905754,430.9343333,93.48,0.038418389,0.028880868,0.02205459,0.02205459,0.028714605,0.024150126,0.018643188,0.022651729,0.031874982,0.046260765
Leopardus_pardalis,03Felidae,semi_arboreal,ambush,carnivore,vert_flesh,base,feliformia,base,base,feliformia,119.2158887,5.98051629,2.662872053,4.869224328,3.612372487,5.336018961,5.249956737,1.791606604,539.808,111.32,0.050519244,0.020808166,0.017347847,0.017347847,0.02241137,0.026394546,0.024050522,0.057685058,0.033107141,0.058041773
Leopardus_tigrinus,03Felidae,semi_arboreal,pounce,carnivore,vert_flesh,base,feliformia,base,base,feliformia,75.63718345,6.650260857,2.537169476,5.451731953,3.908296955,5.759313152,6.26238414,1.790081891,361.47,66.15,0.088624951,0.030714508,0.018049696,0.018049696,0.034882438,0.002460829,0.013114276,0.080110979,0.001155966,0.078011232
Leopardus_wiedii,03Felidae,semi_arboreal,pounce,carnivore,vert_flesh,base,feliformia,base,base,feliformia,90.94908439,5.961050902,2.534425237,4.887030928,3.886210181,5.864826371,6.049401181,1.925605891,431.95,88.5,0.075593811,0.017922265,0.036323044,0.036323044,0.013294964,0.02035521,0.013053617,0.013639324,0.011149845,0.096342172
Leptailurus_serval,03Felidae,semi_arboreal,pounce,carnivore,vert_flesh,base,feliformia,base,base,feliformia,123.5597075,6.147806249,2.454255359,5.133158195,4.051178134,5.209286305,5.666989246,1.750269113,586.6733333,114.5333333,0.042427486,0.022059751,0.0521425,0.0521425,0.023197827,0.023270295,0.013964537,0.011875904,0.070979292,0.045658399
Lynx_canadensis,03Felidae,terrestrial,ambush,carnivore,vert_flesh,base,feliformia,base,base,feliformia,123.9641003,5.70048092,2.433854857,4.747110524,3.634452234,5.504059003,6.37331691,1.853892488,588.918,124.02,0.023704771,0.010299686,0.010542258,0.010542258,0.012362155,0.079709743,0.013209668,0.029692954,0.103573707,0.02231628
Lynx_lynx,03Felidae,terrestrial,ambush,carnivore,vert_flesh,base,feliformia,base,base,feliformia,142.5724631,5.304942717,2.655120764,4.376563011,3.542476425,4.987015622,5.568100013,2.288682582,668.52,152.8,NA,NA,NA,NA,NA,NA,NA,NA,NA,NA
Lynx_pardinus,03Felidae,terrestrial,ambush,carnivore,vert_flesh,base,feliformia,base,base,feliformia,120.2718978,5.493496933,2.617873652,4.520654397,3.650746846,5.08109478,5.91190947,1.797520661,552.65,122.3,NA,NA,NA,NA,NA,NA,NA,NA,NA,NA
Lynx_rufus,03Felidae,terrestrial,ambush,carnivore,vert_flesh,base,feliformia,base,base,feliformia,111.1028332,5.781212771,2.525859787,4.773551985,3.856426149,5.149811741,5.959463476,1.946645985,528.082,111.02,0.020179895,0.025574145,0.020709014,0.020709014,0.027953514,0.030059162,0.021962007,0.029641517,0.075781734,0.033320856
Neofelis_nebulosa,03Felidae,semi_arboreal,ambush,carnivore,vert_flesh,base,feliformia,base,base,feliformia,131.6472539,5.722657532,2.890407783,4.572971648,3.650178856,5.511928601,5.202256598,2.086578748,598.405,131.15,0.006620722,0.042364496,0.009380233,0.009380233,0.045661792,0.020986912,0.042297592,0.0188788,0.063371275,0.044635032
Otocolobus_manul,03Felidae,terrestrial,ambush,carnivore,vert_flesh,base,feliformia,base,base,feliformia,75.60554105,5.458816392,2.236194179,4.424228188,3.34777879,5.33348123,5.502617216,1.67388477,331.935,75,0.020928887,0.045378172,0.003632976,0.003632976,0.053341594,0.061757154,0.111480989,0.085599321,0.009990844,0.006666765
Panthera_leo,03Felidae,terrestrial,ambush,carnivore,vert_flesh,base,feliformia,base,base,feliformia,280.6434317,4.813427363,3.006874878,3.864072094,3.807940171,4.537208157,4.300938224,1.562446945,1182.005,306.775,0.049541713,0.015454462,0.026319678,0.026319678,0.016161557,0.019191837,0.029147799,0.01508032,0.031663689,0.060843436
Panthera_onca,03Felidae,terrestrial,ambush,carnivore,vert_flesh,base,feliformia,base,base,feliformia,213.8723259,4.785165793,2.865877001,3.772403656,3.548783614,4.595160768,4.192482743,1.509721822,877.6025,233.525,0.031109839,0.031562148,0.023931878,0.023931878,0.033418962,0.057365874,0.022738613,0.029097279,0.047515855,0.042043852
Panthera_pardus,03Felidae,semi_arboreal,ambush,carnivore,vert_flesh,base,feliformia,base,base,feliformia,183.3615774,5.390385267,3.117528625,4.324847658,3.612264611,4.76536938,4.544235836,1.658393829,799.7761833,185.62,0.034073083,0.032563422,0.021764734,0.021764734,0.035752653,0.029150432,0.016510434,0.036548889,0.042884868,0.042221343
Panthera_tigris,03Felidae,terrestrial,ambush,carnivore,vert_flesh,base,feliformia,base,base,feliformia,277.3119885,5.380999484,2.886749257,4.333949079,3.735857263,4.428735218,4.149882555,1.78539591,1183.94875,274.025,0.037930921,0.02358182,0.016571074,0.016571074,0.02639146,0.026138726,0.017665988,0.011034473,0.050683001,0.047650137
Panthera_uncia,03Felidae,terrestrial,ambush,carnivore,vert_flesh,base,feliformia,base,base,feliformia,171.0514525,5.386427088,2.823517401,4.391939583,3.525655681,5.151501914,4.650665098,1.679067989,755.534,172.32,0.020727563,0.017342648,0.010421332,0.010421332,0.017900289,0.013303987,0.013792861,0.02134387,0.046884478,0.029094522
Pardofelis_marmorata,03Felidae,semi_arboreal,ambush,carnivore,vert_flesh,base,feliformia,base,base,feliformia,81.41964327,6.091691614,2.360405888,4.937072542,3.59771174,5.798662565,5.298691577,1.792245576,367.2533333,74.83333333,0.067979374,0.032893062,0.01386108,0.01386108,0.032319056,0.014231894,0.016631244,0.040459507,0.041733623,0.096882318
Prionailurus_bengalensis,03Felidae,semi_arboreal,ambush,carnivore,vert_flesh,base,feliformia,base,base,feliformia,84.42306375,5.96841965,2.493493022,4.909132657,3.908813952,6.018846513,6.190838469,1.878184079,403.61,82.36666667,0.029929164,0.022725543,0.028834054,0.028834054,0.027125851,0.01562598,0.040073951,0.067280745,0.035023949,0.038674281
Prionailurus_planiceps,03Felidae,terrestrial,pounce,carnivore,vert_flesh,base,feliformia,base,base,feliformia,77.90960867,6.194542428,2.306580716,4.89595605,4.196269292,5.808905942,6.668027076,1.625190899,354.99,72.5,0.033373075,0.008289419,0.302408058,0.302408058,0.013557471,0.079078924,0.008453115,0.007138093,0.042964097,0.006896661
Prionailurus_rubiginosus,03Felidae,terrestrial,ambush,carnivore,vert_flesh,base,feliformia,base,base,feliformia,66.57835279,5.504962406,2.430931459,4.464962406,3.434741704,4.817890013,6.10144809,1.366827254,296.92,66.5,NA,NA,NA,NA,NA,NA,NA,NA,NA,NA
Prionailurus_viverrinus,03Felidae,terrestrial,pounce,carnivore,vert_flesh,base,feliformia,base,base,feliformia,114.3311763,5.56300251,2.794215306,4.499215189,3.68223463,5.368319095,5.300477002,1.83927618,522.27,116.15,0.038394973,0.004509897,0.016756543,0.016756543,0.00730712,0.027022581,0.027324849,0.039309792,0.051804779,0.052998338
Puma_concolor,03Felidae,semi_arboreal,ambush,carnivore,vert_flesh,base,feliformia,base,base,feliformia,195.1284743,5.383835481,2.883773313,4.459115978,3.625089962,4.956417337,4.792156621,1.808400912,891.1236198,201.86,0.039889592,0.038956079,0.004961231,0.004961231,0.040837438,0.021764295,0.031430115,0.02690506,0.024168226,0.069431218
Arctictis_binturong,04Viverridae,arboreal,occasional,herbivore,soft,base,feliformia,base,base,feliformia,118.044899,4.923953061,3.42546942,3.853033689,3.57933124,6.566014626,4.316873251,1.295480566,503.2675,130.95,0.036746734,0.054170164,0.028107065,0.028107065,0.059886687,0.044488174,0.033857446,0.047666285,0.098683353,0.035722741
Arctogalidia_trivirgata,04Viverridae,arboreal,occasional,omnivore,generalist,base,feliformia,base,base,feliformia,80.55540372,6.286623377,2.909456201,4.876103896,4.536442688,7.681930909,5.396773918,1.864101022,375.46,77,NA,NA,NA,NA,NA,NA,NA,NA,NA,NA
Chrotogale_owstoni,04Viverridae,semi_arboreal,occasional,omnivore,invertebrates,base,feliformia,base,base,feliformia,88.99676296,6.503803681,3.563743071,5.162699387,4.965736041,5.913389851,6.044222238,1.866275972,420.76,81.5,NA,NA,NA,NA,NA,NA,NA,NA,NA,NA
Civettictis_civetta,04Viverridae,terrestrial,pounce,omnivore,generalist,base,feliformia,base,base,feliformia,135.9648848,5.021456458,3.539307495,4.00620217,4.299227725,5.330679625,5.030491341,1.686927344,606.8225,151.425,0.026585154,0.008451689,0.068535094,0.068535094,0.012971296,0.017504638,0.068225253,0.033761356,0.049708753,0.031384972
Cynogale_bennettii,04Viverridae,semi_aquatic,aquatic,aquatic,invertebrates,base,feliformia,base,base,feliformia,96.02389852,5.3786,3.342126697,4.22045,4.147508316,5.983724267,4.178640316,1.895658924,422.045,100,0.015079901,0.01652997,0.039601795,0.039601795,0.015580168,0.0235237,0.026637595,0.038056458,0.039196882,0
Genetta_angolensis,04Viverridae,semi_arboreal,pounce,omnivore,generalist,base,genetta,base,base,feliformia,76.03108737,6.832301887,3.218096611,5.484830189,4.881375864,5.900735825,6.274789523,1.699017199,363.37,66.3,NA,NA,NA,NA,NA,NA,NA,NA,NA,NA
Genetta_genetta,04Viverridae,semi_arboreal,pounce,carnivore,vert_flesh,base,genetta,base,base,feliformia,70.33169636,6.687968392,3.446150131,5.285152078,4.223636478,5.904803798,6.259384371,1.698151547,329.392,62.38,0.025742857,0.018888268,0.00904378,0.00904378,0.020033089,0.039991789,0.018686991,0.047570906,0.069810141,0.02780258
Genetta_maculata,04Viverridae,semi_arboreal,pounce,carnivore,vert_flesh,base,genetta,base,base,feliformia,72.15436279,6.815517457,3.246975828,5.444174392,4.525858365,6.010855243,6.26752318,1.830344242,345.6175,63.45,0.03482457,0.018455549,0.012132811,0.012132811,0.020164943,0.020454357,0.026737598,0.019269296,0.031468431,0.029297392
Genetta_servalina,04Viverridae,terrestrial,pounce,carnivore,vert_flesh,base,genetta,base,base,feliformia,73.50449158,7.909603524,3.314814815,6.332511013,4.782888954,6.128212606,6.815305049,1.533094812,359.37,56.8,NA,NA,NA,NA,NA,NA,NA,NA,NA,NA
Genetta_thierryi,04Viverridae,semi_arboreal,pounce,omnivore,generalist,base,genetta,base,base,feliformia,65.38830793,6.520005188,3.143813827,5.194320399,4.339475796,6.120596044,5.999628755,1.942929367,311.88,60.15,0.018207598,0.080861415,0.016613764,0.016613764,0.094562728,0.013043591,0.094683377,0.194600817,0.040725582,0.014132279
Genetta_tigrina,04Viverridae,semi_arboreal,pounce,omnivore,generalist,base,genetta,base,base,feliformia,74.32491143,6.174125874,3.377421759,4.906293706,4.355891997,5.874991084,6.291518998,1.826855124,350.8,71.5,NA,NA,NA,NA,NA,NA,NA,NA,NA,NA
Genetta_victoriae,04Viverridae,semi_arboreal,pounce,omnivore,generalist,base,genetta,base,base,feliformia,82.35214498,6.598926174,3.707368421,5.180671141,4.175156667,6.095548034,5.91020963,1.653158522,385.96,74.5,NA,NA,NA,NA,NA,NA,NA,NA,NA,NA
Hemigalus_derbyanus,04Viverridae,semi_arboreal,occasional,insectivore,invertebrates,base,feliformia,base,base,feliformia,75.51182824,6.321111111,3.572226359,4.988472222,5.00203252,6.336701119,6.152680653,1.948666667,359.17,72,NA,NA,NA,NA,NA,NA,NA,NA,NA,NA
Paguma_larvata,04Viverridae,semi_arboreal,pounce,omnivore,generalist,base,feliformia,base,base,feliformia,96.56679461,5.804904085,3.540134605,4.502719195,4.037742759,5.811825558,5.114191278,1.873678035,423.84,94.75,0.091104674,0.052524521,0.004297176,0.004297176,0.057758347,0.094266865,0.080147458,0.145773434,0.047197493,0.113947077
Paradoxurus_hermaphroditus,04Viverridae,arboreal,occasional,herbivore,soft,base,feliformia,base,base,feliformia,82.96261742,6.237964292,3.314410665,4.825193714,4.044004193,5.797324296,5.43268383,1.659528592,365.49,75.7,0.06798484,0.021162856,0.021547478,0.021547478,0.024984066,0.039202043,0.038710536,0.03868357,0.101446938,0.071526385
Paradoxurus_zeylonensis,04Viverridae,arboreal,occasional,herbivore,soft,base,feliformia,base,base,feliformia,87.06124865,5.880969697,3.235294118,4.547636364,4.036755972,5.844194926,5.059624791,1.566829268,375.18,82.5,NA,NA,NA,NA,NA,NA,NA,NA,NA,NA
Viverra_tangalunga,04Viverridae,terrestrial,pounce,omnivore,generalist,base,feliformia,base,base,feliformia,100.4294412,5.596540153,3.63192614,4.476308883,4.455462725,5.913166988,5.027115265,1.814450471,466.705,104.25,0.018218234,0.024670491,0.022632213,0.022632213,0.030409459,0.013994634,0.040459682,0.045582689,0.117999552,0.021848963
Viverra_zibetha,04Viverridae,terrestrial,pounce,omnivore,generalist,base,feliformia,base,base,feliformia,130.4468513,5.685907236,3.407242925,4.584051948,4.251274653,5.430174632,5.040249785,1.621265742,589.585,128.65,0.012681904,0.011624485,0.048695114,0.048695114,0.00137769,0.012546404,0.027987778,0.080845514,0.038545616,0.047840584
Viverricula_indica,04Viverridae,semi_arboreal,pounce,omnivore,vert_flesh,base,feliformia,base,base,feliformia,88.38304365,6.00968268,3.349143681,4.840462962,4.365340018,5.812817797,5.111529547,1.627530845,402.855,83.9,0.043152676,0.079888888,0.004205583,0.004205583,0.075325533,0.004892725,0.007443072,0.025876894,0.080393132,0.102864255
Crocuta_crocuta,05Hyaenidae,terrestrial,pursuit,carnivore,vert_flesh,base,hyaendiae,base,base,hyaendiae,219.1705886,3.416221067,2.373289211,2.6556441,3.759862621,4.572870087,2.057016691,2.052678836,843.408,318.72,0.012430812,0.034512715,0.020228875,0.020228875,0.037682187,0.019579742,0.095483433,0.079810898,0.08088236,0.027167936
Hyaena_hyaena,05Hyaenidae,terrestrial,pounce,carnivore,tough,base,hyaendiae,base,base,hyaendiae,175.6695976,3.523985804,2.423670487,2.678216016,3.900015992,5.109919181,2.080833997,1.372010885,690.3166667,257.7666667,0.006728,0.010859852,0.006750843,0.006750843,0.011714632,0.071931915,0.031905192,0.031409079,0.084538754,0.005702957
Parahyaena_brunnea,05Hyaenidae,terrestrial,occasional,carnivore,vert_flesh,base,hyaendiae,base,base,hyaendiae,175.9417276,3.419298578,2.231858181,2.755791469,3.942025133,4.504252847,2.658195999,1.419354839,726.84,263.8,NA,NA,NA,NA,NA,NA,NA,NA,NA,NA
Proteles_cristata,05Hyaenidae,terrestrial,occasional,insectivore,invertebrates,base,hyaendiae,base,base,hyaendiae,110.2637474,4.184179985,3.371420083,3.24768659,5.401957136,5.199195335,2.912053663,1.550498375,477.38,147.05,0.00761232,0.012324701,0.003606227,0.003606227,0.007372432,0.071454522,0.050375367,0.057511801,0.017867561,0.008500715
Cryptoprocta_ferox,06Eupleridae,semi_arboreal,pounce,carnivore,vert_flesh,base,feliformia,base,base,feliformia,109.920748,5.51840708,3.588709677,4.33699115,4.267862542,5.578103597,4.54207094,1.716507177,490.08,113,NA,NA,NA,NA,NA,NA,NA,NA,NA,NA
Fossa_fossana,06Eupleridae,terrestrial,pounce,omnivore,generalist,base,feliformia,base,base,feliformia,73.82558917,5.655034014,3.400554401,4.319795918,4.449910989,4.820185209,5.153698145,1.856449376,317.505,73.5,NA,NA,NA,NA,NA,NA,NA,NA,NA,NA
Galidia_elegans,06Eupleridae,semi_arboreal,pounce,omnivore,generalist,base,feliformia,base,base,feliformia,54.21884908,6.58393361,3.122314008,5.142462649,3.826638553,6.208348425,5.844029879,1.869389064,247.0202083,48.125,0.069230405,0.023637337,0.016466005,0.016466005,0.023947489,0.04584823,0.043676132,0.055487247,0.089883474,0.067071914
Galidictis_fasciata,06Eupleridae,semi_arboreal,pounce,carnivore,vert_flesh,base,feliformia,base,base,feliformia,49.49447528,6.355567187,2.892515566,4.821585086,3.249676883,6.2605042,4.757574911,2.060948157,211.82,44.05,0.000786345,0.051017634,0.02305257,0.02305257,0.054765955,0.027124459,0.027793619,0.006647659,0.012309341,0.028384465
Salanoia_concolor,06Eupleridae,terrestrial,occasional,insectivore,invertebrates,base,feliformia,base,base,feliformia,51.0035986,6.038801102,2.851541302,4.650708806,3.607794819,6.092977273,5.491261599,1.959409768,221.8466667,47.76666667,0.008960673,0.022310517,0.007135923,0.007135923,0.024213464,0.03044313,0.015588641,0.01370457,0.07058913,0.021296665
Atilax_paludinosus,07Herpestidae,terrestrial,occasional,omnivore,tough,base,feliformia,base,base,feliformia,78.6464393,5.90824077,3.016854207,4.526444324,3.578961672,6.072768864,3.894805121,1.501575198,329.3,72.94,0.065764574,0.015733664,0.037262396,0.037262396,0.012257857,0.049869854,0.022344001,0.063917954,0.061419911,0.064683291
Bdeogale_crassicauda,07Herpestidae,terrestrial,occasional,omnivore,generalist,base,feliformia,base,base,feliformia,59.05638045,6.429395349,3.043676415,4.938418605,4.195234152,6.323219711,4.460821502,2.336693548,265.44,53.8,NA,NA,NA,NA,NA,NA,NA,NA,NA,NA
Bdeogale_nigripes,07Herpestidae,terrestrial,occasional,omnivore,generalist,base,feliformia,base,base,feliformia,101.6644642,5.083536585,3,5.083536585,3.657698298,6.332175986,4.346519513,1.835455935,416.85,82,NA,NA,NA,NA,NA,NA,NA,NA,NA,NA
Crossarchus_obscurus,07Herpestidae,terrestrial,occasional,omnivore,generalist,base,feliformia,base,base,feliformia,53.38806648,5.94286758,2.770581685,4.534645988,3.416012324,6.23022321,4.78691211,1.972130476,225.4075,49.7,0.02698178,0.003288573,0.034203269,0.034203269,0.006285136,0.033860332,0.020505301,0.078515433,0.063337877,0.027216011
Cynictis_penicillata,07Herpestidae,terrestrial,occasional,insectivore,invertebrates,base,feliformia,base,base,feliformia,52.91522636,5.646446802,2.515367268,4.512082265,4.677473623,5.578981866,5.813422387,2.49992057,242.195,53.65,0.066565168,0.044414159,0.043914044,0.043914044,0.059488589,0.082814574,0.016562274,0.004363644,0.016095279,0.015844755
Galerella_pulverulenta,07Herpestidae,terrestrial,pounce,omnivore,generalist,base,feliformia,base,base,feliformia,50.14668332,6.659302326,3.134300421,5.101627907,4.189009662,5.83197742,5.941096567,1.637775961,219.37,43,NA,NA,NA,NA,NA,NA,NA,NA,NA,NA
Helogale_parvula,07Herpestidae,terrestrial,occasional,insectivore,invertebrates,base,feliformia,base,base,feliformia,36.70954699,6.828474576,2.639470783,5.205423729,3.267093041,6.580409357,4.528764205,1.725616292,153.56,29.5,NA,NA,NA,NA,NA,NA,NA,NA,NA,NA
Herpestes_brachyurus,07Herpestidae,terrestrial,occasional,omnivore,generalist,base,feliformia,base,base,feliformia,63.62702061,6.158002837,2.695678209,4.677000473,3.581438731,6.147652805,4.718696726,1.700265222,268.58,57.55,0.024758295,0.056593362,0.044788572,0.044788572,0.059514623,0.07474379,0.00817104,0.013212393,0.037682512,0.02172366
Herpestes_edwardsii,07Herpestidae,terrestrial,occasional,omnivore,generalist,base,feliformia,base,base,feliformia,58.82237124,6.209668679,3.333799996,4.801584172,3.580231986,5.625586104,4.97444505,1.854168592,253.955,52.9,0.014958246,0.031689637,0.004456585,0.004456585,0.039583671,0.082087218,0.061973712,0.007162835,0.037593824,0.007561581
Herpestes_ichneumon,07Herpestidae,terrestrial,occasional,omnivore,generalist,base,feliformia,base,base,feliformia,79.68596031,5.852335317,2.96912357,4.5422229,3.783986908,5.451534714,5.227574876,1.722949672,341.61,75.03333333,0.062845648,0.024891691,0.023782802,0.023782802,0.03770712,0.048490628,0.030177989,0.002164769,0.022349316,0.057424868
Herpestes_javanicus,07Herpestidae,terrestrial,occasional,omnivore,generalist,base,feliformia,base,base,feliformia,54.50891543,6.904,3.104716573,5.352648649,4.581583199,6.026096669,5.976135489,1.819767442,247.56,46.3,NA,NA,NA,NA,NA,NA,NA,NA,NA,NA
Herpestes_sanguineus,07Herpestidae,terrestrial,pounce,omnivore,generalist,base,feliformia,base,base,feliformia,44.01686428,6.47377202,2.857122485,4.971946459,4.188796485,6.080592852,6.21945384,1.903091551,195.7325,39.45,0.034842824,0.021004038,0.007567516,0.007567516,0.024436695,0.037545701,0.023268208,0.027470041,0.030568988,0.036839325
Herpestes_urva,07Herpestidae,terrestrial,occasional,omnivore,generalist,base,feliformia,base,base,feliformia,75.69973983,5.814532872,2.765228426,4.60816609,4.12041137,5.441654357,5.465159492,1.808574879,332.94,72.3,NA,NA,NA,NA,NA,NA,NA,NA,NA,NA
Ichneumia_albicauda,07Herpestidae,terrestrial,occasional,insectivore,generalist,base,feliformia,base,base,feliformia,91.41304461,4.93669494,3.442193675,3.909433249,4.666623308,5.336832388,4.099910517,1.570774343,412.5075,108.775,0.042500706,0.087860016,0.029207457,0.029207457,0.079425168,0.055022204,0.063623869,0.135099073,0.141075655,0.127605892
Liberiictis_kuhni,07Herpestidae,terrestrial,occasional,insectivore,invertebrates,base,feliformia,base,base,feliformia,68.49366765,6.053870968,3.257915333,4.576774194,3.033606677,5.052739978,4.907076205,2.280952381,283.76,62,NA,NA,NA,NA,NA,NA,NA,NA,NA,NA
Mungos_mungo,07Herpestidae,terrestrial,occasional,insectivore,invertebrates,base,feliformia,base,base,feliformia,64.37310132,5.92220339,3.069527215,4.612711864,3.591807402,5.192443967,4.491623425,2.161290323,272.15,59,NA,NA,NA,NA,NA,NA,NA,NA,NA,NA
Suricata_suricatta,07Herpestidae,semi_fossorial,occasional,insectivore,invertebrates,base,feliformia,base,base,feliformia,47.34216776,5.531049724,2.66426146,4.143867403,3.290920476,6.08898061,3.136090541,1.782608696,187.51,45.3,NA,NA,NA,NA,NA,NA,NA,NA,NA,NA
Atelocynus_microtis,08Canidae,terrestrial,pounce,carnivore,vert_flesh,base,base,base,base,base,119.2850315,5.739173554,3.091454873,4.462479339,4.739744297,5.058980729,4.665641071,1.917831191,539.96,121,NA,NA,NA,NA,NA,NA,NA,NA,NA,NA
Canis_adustus,08Canidae,terrestrial,pounce,omnivore,generalist,base,base,base,base,base,111.2753073,4.878284679,3.424847596,3.745614474,4.997831023,4.914910505,4.647391157,1.79310551,499.052,133.42,0.020077218,0.011616133,0.022565574,0.022565574,0.011271012,0.023108191,0.015120917,0.026972167,0.034631733,0.030949173
Canis_aureus,08Canidae,terrestrial,pounce,omnivore,vert_flesh,base,base,base,base,base,110.5517012,4.768839901,3.155225929,3.698077756,4.358396477,5.239993002,4.924336677,1.816021748,496.3275,134.7,0.050183654,0.035695918,0.013989186,0.013989186,0.038631212,0.007305057,0.02061031,0.03712229,0.071738012,0.058679495
Canis_latrans,08Canidae,terrestrial,pounce,carnivore,vert_flesh,base,base,base,base,base,132.6108671,4.646585159,3.347842943,3.539763745,4.924352908,4.966941619,4.440318736,2.054808203,582.73,164.72,0.013754056,0.017251895,0.008456601,0.008456601,0.019428717,0.041037097,0.026133111,0.01424043,0.12833708,0.008769493
Canis_lupus,08Canidae,terrestrial,pursuit,carnivore,vert_flesh,base,base,base,base,base,185.1835398,4.368271801,3.06728153,3.415445345,4.685899174,4.78345021,4.141703548,1.657947413,808.518,236.92,0.034642138,0.029753765,0.021153568,0.021153568,0.029193733,0.039396559,0.013189985,0.015083305,0.048430914,0.02409012
Canis_mesomelas,08Canidae,terrestrial,pounce,carnivore,vert_flesh,base,base,base,base,base,110.6719904,4.688127075,3.173683897,3.627822024,4.841885637,4.969036597,4.759117063,1.87656359,497.2875,137.125,0.012606768,0.012832222,0.013307271,0.013307271,0.008798451,0.029770438,0.019172796,0.017697942,0.011498691,0.025319829
Canis_simensis,08Canidae,terrestrial,pounce,carnivore,vert_flesh,base,base,base,base,base,143.3983454,4.817641921,3.400673401,3.641513828,4.713768253,5.24009608,4.377422633,1.709856548,625.43,171.8,NA,NA,NA,NA,NA,NA,NA,NA,NA,NA
Cerdocyon_thous,08Canidae,terrestrial,pounce,omnivore,generalist,base,base,base,base,base,101.9289413,5.277546386,3.288815899,4.082415168,4.802452841,5.095315191,4.602130464,1.806201758,463.2525,113.525,0.042869866,0.013267604,0.014733159,0.014733159,0.011480976,0.036784499,0.023498226,0.015030675,0.153730058,0.046048121
Chrysocyon_brachyurus,08Canidae,terrestrial,pounce,omnivore,generalist,base,base,base,base,base,169.6358686,4.872839772,3.043101448,3.778135375,5.081812619,4.456834549,4.16022671,1.753402322,741.83,196.25,0.028002519,0.02654795,0.023057691,0.023057691,0.027524228,0.068525757,0.018857142,0.014483234,0.090070436,0.0120216
Cuon_alpinus,08Canidae,terrestrial,pursuit,carnivore,vert_flesh,base,base,base,base,base,143.7770666,4.268421272,2.887021209,3.374645305,4.439066991,5.005949783,4.68068435,2.102057903,651.24,193,0.001256805,0.010200133,0.008361143,0.008361143,0.013146592,0.024744967,0.004597674,0.019628912,0.030883186,0.007772177
Lycalopex_griseus,08Canidae,terrestrial,pounce,omnivore,generalist,base,base,base,base,base,79.9384952,5.482879107,2.928958465,4.206151802,6.160810049,5.36304563,5.29660459,1.822010348,372.745,88.65,0.003434974,0.008801672,0.040662408,0.040662408,0.009587554,0.001330085,0.004171413,0.002902916,0.002403142,0.007332337
Lycaon_pictus,08Canidae,terrestrial,pursuit,carnivore,vert_flesh,base,base,base,base,base,164.7586853,4.092428881,2.696249194,3.227750135,4.230077432,4.635446437,4.427343381,1.550417651,701.52,217.4,0.040465945,0.009679996,0.01069034,0.01069034,0.011093227,0.015157932,0.025663592,0.019250503,0.084060255,0.02892862
Nyctereutes_procyonoides,08Canidae,semi_arboreal,pounce,omnivore,generalist,base,base,base,base,base,82.23189976,4.896081007,3.102768083,3.770365117,3.936330934,5.312721591,4.65175999,1.538475758,356.61,94.66666667,0.007982066,0.02671875,0.00758104,0.00758104,0.032140655,0.040550518,0.008210438,0.023186099,0.111613681,0.022856006
Otocyon_megalotis,08Canidae,terrestrial,occasional,omnivore,invertebrates,base,base,base,base,base,81.02670661,4.758395414,3.309095872,3.613398165,4.670982621,4.956128845,4.234774819,1.338160734,351.604,97.32,0.013777438,0.010077359,0.016219498,0.016219498,0.01351626,0.027635832,0.007657906,0.027871039,0.083888388,0.013022645
Pseudalopex_culpaeus,08Canidae,terrestrial,pounce,carnivore,vert_flesh,base,base,base,base,base,111.1319562,5.009213525,3.530744537,3.798507695,4.657229484,4.972736495,4.661471951,1.666643917,494.245,130.15,0.048453452,0.002571916,0.007709475,0.007709475,0.001539328,0.031581579,0.028214129,0.010604734,0.055599886,0.047288387
Pseudalopex_gymnocercus,08Canidae,terrestrial,pounce,carnivore,vert_flesh,base,base,base,base,base,106.2527107,5.108171955,3.379240591,3.941457056,4.400763463,4.977573487,4.580535073,1.472303023,475.6425,120.775,0.006438125,0.013997534,0.024267365,0.024267365,0.012606313,0.019005451,0.016879223,0.009544979,0.071939454,0.016155219
Pseudalopex_vetulus,08Canidae,terrestrial,occasional,omnivore,generalist,base,base,base,base,base,80.01654163,5.844590781,2.975135577,4.487761781,4.767917691,5.740044522,5.033765643,1.49832708,370.4858334,82.4,0.099170948,0.003039638,0.041637686,0.041637686,0.020250803,0.054110807,0.034009883,0.010521948,0.151482588,0.108432691
Speothos_venaticus,08Canidae,terrestrial,pounce,carnivore,vert_flesh,base,base,base,base,base,92.69282689,5.171066584,2.863019087,3.958671646,4.221014294,6.127878126,5.439807637,1.563106244,422.691,106.92,0.013461162,0.017763113,0.018381325,0.018381325,0.020649859,0.012701149,0.020692524,0.045364209,0.104504191,0.021336642
Urocyon_cinereoargenteus,08Canidae,semi_arboreal,pounce,omnivore,generalist,base,base,base,base,base,90.11110147,6.007661035,3.201288682,4.686923429,4.782527168,5.185198241,5.349722855,2.154501785,428.47,91.45,0.009742121,0.00823173,0.012552839,0.012552839,0.011853074,0.058840185,0.02043038,0.024079053,0.037197233,0.009731721
Urocyon_littoralis,08Canidae,semi_arboreal,occasional,omnivore,generalist,base,base,base,base,base,69.7768732,5.721783354,2.983777189,4.392813033,4.692209874,5.389266381,5.684867935,1.936288948,323.994,73.88,0.038259147,0.013817799,0.019940157,0.019940157,0.015166076,0.039286286,0.052985326,0.028320151,0.031930201,0.035007101
Vulpes_chama,08Canidae,terrestrial,pounce,omnivore,generalist,base,base,base,base,base,85.6050444,5.372556793,3.096014007,4.161517124,4.808702989,5.374829996,5.196984976,1.745508546,389.375,93.65,0.009956947,0.022388822,0.037475837,0.037475837,0.025000208,0.029084122,0.030237785,0.00699942,0.099183527,0.025098702
Vulpes_lagopus,08Canidae,terrestrial,pounce,carnivore,vert_flesh,base,base,base,base,base,85.11227743,4.849029223,3.098834779,3.650793854,4.146601987,5.304393198,4.851288778,1.780081121,372.4281322,102.06,0.018071016,0.007975325,0.014052913,0.014052913,0.012220293,0.029113302,0.021133824,0.029862517,0.099403464,0.016447735
Vulpes_macrotis,08Canidae,terrestrial,pounce,carnivore,vert_flesh,base,base,base,base,base,72.8130258,5.306286486,3.219865035,3.993024513,5.048549152,5.714678749,5.550953091,1.525764673,332.575,83.2,0.033943664,0.009268436,0.008170489,0.008170489,0.02405743,0.139026017,0.066815549,0.02970403,0.011434243,0.044500505
Vulpes_rueppellii,08Canidae,terrestrial,occasional,omnivore,generalist,base,base,base,base,base,73.72607625,4.857013374,3.227346888,3.662746311,4.453275879,5.387748705,5.350433588,1.636048812,327.445,89.4,0.014868503,0.011006676,0.023138679,0.023138679,0.010473284,0.013522298,0.010650287,0.02299232,0.076556008,0.015091098
Vulpes_velox,08Canidae,terrestrial,pounce,omnivore,vert_flesh,base,base,base,base,base,77.2015815,4.957599285,3.160221899,3.734911531,4.60227281,5.583918444,5.429527704,1.580182262,344.586,92.32,0.028852921,0.008110469,0.007831286,0.007831286,0.005598726,0.017498428,0.022550679,0.016193307,0.035060229,0.033049045
Vulpes_vulpes,08Canidae,terrestrial,pounce,omnivore,vert_flesh,base,base,base,base,base,94.23534992,5.179953975,3.19717747,3.983648288,4.721646979,5.537269015,5.617530028,2.018553218,441.8497727,110.95,0.019095543,0.009172649,0.015092591,0.015092591,0.008889859,0.070006343,0.03757074,0.018983707,0.034164983,0.018697911
Vulpes_zerda,08Canidae,terrestrial,occasional,omnivore,generalist,base,base,base,base,base,58.89098523,5.060504928,3.030550207,3.825706591,4.379180221,5.670485028,5.293407888,1.572473787,263.4475,68.9,0.008935206,0.01650608,0.030442058,0.030442058,0.015418158,0.021341472,0.017500641,0.018296669,0.102530158,0.014190161
Ailuropoda_melanoleuca,09Ursidae,semi_arboreal,occasional,herbivore,tough,base,ursidae,base,ursidae,base,229.6693222,3.449762278,2.484641985,2.636900145,2.819502155,4.456886941,2.219655003,2.850055745,851.185,322.425,0.029520473,0.014263224,0.010591302,0.010591302,0.01760597,0.045975227,0.038731997,0.146205186,0.061346278,0.029077646
Helarctos_malayanus,09Ursidae,semi_arboreal,occasional,omnivore,generalist,base,ursidae,base,ursidae,base,194.1716423,3.235066079,2.591844014,2.466784141,2.919799032,4.421880814,1.598427132,2.353658537,699.95,283.8,NA,NA,NA,NA,NA,NA,NA,NA,NA,NA
Melursus_ursinus,09Ursidae,semi_arboreal,occasional,insectivore,invertebrates,base,ursidae,base,ursidae,base,250.6560642,3.360822376,3.363945272,2.540452026,3.657958555,4.350196788,1.767037975,2.756598368,922.6829545,363.65,0.032551283,0.021465776,0.00669517,0.00669517,0.020571843,0.049640306,0.013963844,0.078348862,0.078880275,0.041734249
Tremarctos_ornatus,09Ursidae,semi_arboreal,occasional,omnivore,generalist,base,ursidae,base,ursidae,base,261.3014722,3.397749301,2.889520565,2.715164178,3.492404584,3.800005491,2.779199245,3.028450358,993.16,365.4,0.061254242,0.013541098,0.009734273,0.009734273,0.026521279,0.016472844,0.017752564,0.030784445,0.022693927,0.042170574
Ursus_americanus,09Ursidae,semi_arboreal,occasional,omnivore,generalist,base,ursidae,base,ursidae,base,245.2839392,3.548731394,3.245247967,2.773335905,3.731853152,4.58301369,2.836368425,3.183461514,962.5225,350.125,0.067657864,0.037182166,0.010081821,0.010081821,0.038737163,0.038002927,0.080988114,0.070522141,0.10993695,0.081796335
Ursus_arctos,09Ursidae,terrestrial,occasional,omnivore,generalist,base,ursidae,base,ursidae,base,308.8702053,3.156113748,3.232166087,2.444953443,3.648950659,4.386453016,2.390579347,2.744597739,1149.805,471.35,0.090284196,0.013694434,0.022844761,0.022844761,0.011194315,0.045891953,0.057270229,0.105747848,0.115487893,0.076556142
Ursus_maritimus,09Ursidae,semi_aquatic,ambush,carnivore,vert_flesh,base,ursidae,base,ursidae,base,379.0043966,3.770831537,2.800349047,2.993459891,3.569606112,4.465200716,2.45286859,2.840678387,1454.3525,485.825,0.035559777,0.008874705,0.155407357,0.155407357,0.01105955,0.031900219,0.027712454,0.036934834,0.015741291,0.015585282
Ursus_thibetanus,09Ursidae,arboreal,occasional,omnivore,generalist,base,ursidae,base,ursidae,base,231.0150051,3.687440336,3.238143438,2.903387636,3.550377295,5.224062047,2.959493672,3.029731212,932.225,321.15,0.02043175,0.010728527,0.026799686,0.026799686,0.012934228,0.028364801,0.031332935,0.023608338,0.146323276,0.035438477
Odobenus_rosmarus,10Odobenidae,aquatic,aquatic,aquatic,aquatic,base,base,base,base,base,415.3224585,3.676655311,2.473323717,3.054804698,3.225253488,6.691582747,2.53899286,1.829484244,1774.748333,583.6,0.035222362,0.033469347,0.052335352,0.052335352,0.034396393,0.025293648,0.023881851,0.105839072,0.035462868,0.064383942
Arctocephalus_australis,11Otariidae,aquatic,aquatic,aquatic,aquatic,base,base,base,base,base,182.2132452,4.37775696,2.88506192,3.549069707,4.061661843,9.14678496,3.60335376,2.409302238,888.62,250.4,0.027025112,0.014291799,0.019452487,0.019452487,0.009770565,0.102893115,0.027439251,0.277031501,0.047780312,0.002396171
Arctocephalus_galapagoensis,11Otariidae,aquatic,aquatic,aquatic,aquatic,base,base,base,base,base,179.3683379,4.588665113,2.59831172,3.744638415,3.534741245,8.710097943,4.011069594,2.176405263,862.58,230.15,0.090869557,0.025888481,0.025249595,0.025249595,0.024077037,0.021056454,0.064257447,0.217327573,0.06097863,0.040648051
Arctocephalus_philippii,11Otariidae,aquatic,aquatic,aquatic,aquatic,base,base,base,base,base,223.0117695,4.7855,3.15883327,3.899785714,4.150242571,7.984143476,3.508952774,2.050916012,1091.94,280,NA,NA,NA,NA,NA,NA,NA,NA,NA,NA
Arctocephalus_pusillus,11Otariidae,aquatic,aquatic,aquatic,aquatic,base,base,base,base,base,223.5512812,4.274499359,2.743354179,3.506979631,3.757129039,8.325322271,3.404477747,2.16769228,1069.83,305.3666667,0.150799544,0.040703844,0.047849468,0.047849468,0.040169627,0.026468449,0.076226159,0.034336455,0.015064578,0.137161588
Callorhinus_ursinus,11Otariidae,aquatic,aquatic,aquatic,aquatic,base,base,base,base,base,192.7858978,4.287043796,2.882857545,3.538868613,4.238798992,8.991863576,4.316751722,2.20496194,969.65,274,NA,NA,NA,NA,NA,NA,NA,NA,NA,NA
Eumetopias_jubatus,11Otariidae,aquatic,aquatic,aquatic,aquatic,base,base,base,base,base,374.2198259,4.764139411,2.936970582,3.999071684,4.303606233,7.613437676,3.337325059,2.061706922,1826.936667,455.6,0.103381804,0.019484696,0.092021196,0.092021196,0.023371132,0.042442847,0.040395235,0.042004195,0.083957052,0.061625611
Neophoca_cinerea,11Otariidae,aquatic,aquatic,aquatic,aquatic,base,base,base,base,base,255.0285875,4.179630156,2.881698686,3.368819346,3.725463483,8.27593864,2.44492245,1.728804726,1184.14,351.5,NA,NA,NA,NA,NA,NA,NA,NA,NA,NA
Otaria_bryonia,11Otariidae,aquatic,aquatic,aquatic,aquatic,base,base,base,base,base,264.7698937,4.82325154,2.528930514,3.957047517,4.004614308,8.498667442,3.283526153,2.104261177,1262.735,316.15,0.378487129,0.004720595,0.027556664,0.027556664,0.027364409,0.074139216,0.042101706,0.002059151,0.027683683,0.360038004
Phocarctos_hookeri,11Otariidae,aquatic,aquatic,aquatic,aquatic,base,base,base,base,base,305.337633,4.262097064,2.911181161,3.509550629,4.399445392,7.756965213,3.313600168,1.793650794,1464.36,417.3,NA,NA,NA,NA,NA,NA,NA,NA,NA,NA
Zalophus_californianus,11Otariidae,aquatic,aquatic,aquatic,aquatic,base,base,base,base,base,287.1108596,4.686662274,2.910320225,3.927151434,4.203232553,8.777334816,3.263878246,1.820404483,1431.526667,363.5333333,0.100498325,0.025013368,0.045101543,0.045101543,0.025753057,0.010974576,0.031543649,0.021170429,0.041329449,0.075445177
Zalophus_wollebaeki,11Otariidae,aquatic,aquatic,aquatic,aquatic,base,base,base,base,base,235.7580571,4.469403563,2.94854117,3.720397504,4.177536266,9.631692971,3.139731202,1.730035365,1196.71,323.25,0.106751893,0.034980957,0.012039651,0.012039651,0.038057522,0.053178008,0.023270075,0.169993802,0.01828066,0.129882453
Cystophora_cristata,12Phocidae,aquatic,aquatic,aquatic,aquatic,base,monachinae,base,base,monachinae,262.9975306,4.644859375,2.842664689,3.926109375,4.115034079,7.7169242,3.155893536,1.966153846,1256.355,320,NA,NA,NA,NA,NA,NA,NA,NA,NA,NA
Erignathus_barbatus,12Phocidae,aquatic,aquatic,aquatic,aquatic,base,base,base,base,base,279.5851702,5.357373254,2.592752422,4.639230845,4.081990087,8.754140749,3.262611937,2.021888968,1400.423333,302.8666667,0.061967636,0.022189827,0.048445433,0.048445433,0.018321483,0.022180145,0.027017404,0.008868152,0.032539323,0.093588342
Halichoerus_grypus,12Phocidae,aquatic,aquatic,aquatic,aquatic,base,monachinae,base,base,monachinae,276.4816861,5.471151607,3.090346363,4.482470442,4.512117527,7.161763339,2.846604592,1.917304771,1253.41,283.6,0.097071514,0.058068445,0.036901403,0.036901403,0.052374213,0.0664702,0.032452577,0.022902504,0.082059907,0.136467151
Histriophoca_fasciata,12Phocidae,aquatic,aquatic,aquatic,aquatic,base,monachinae,base,base,monachinae,216.0079153,4.754384511,2.778571429,3.951233964,4.698865228,6.407560482,2.67689468,1.571160787,956.995,242.3,0.015611617,0.005356115,0.033431472,0.033431472,0.004844799,0.052417747,0.06219601,0.035635932,0.078408628,0.041294608
Hydrurga_leptonyx,12Phocidae,aquatic,aquatic,aquatic,aquatic,base,base,base,base,base,361.0438274,6.615909508,3.573034472,5.438090476,4.516571655,7.530672874,4.598542885,1.774954556,1806.5,332.3,0.0348933,0.008358622,0.030269848,0.030269848,0.004886033,0.025831297,0.031803041,0.032944037,0.032297966,0.034621108
Leptonychotes_weddellii,12Phocidae,aquatic,aquatic,aquatic,aquatic,base,base,base,base,base,306.300721,6.334476256,3.269146284,5.408048025,4.492007311,9.517014284,3.780836831,1.559902721,1646.13,304.3,0.039346682,0.007214595,0.036444294,0.036444294,0.016906703,0.02081926,0.005449029,0.00610863,0.194026532,0.026295905
Lobodon_carcinophaga,12Phocidae,aquatic,aquatic,aquatic,aquatic,base,base,base,base,base,244.0084616,6.114607149,2.924219606,5.029950113,3.565110883,7.53138269,3.230287146,1.649891647,1157.975,230,0.045766448,0.020270377,0.071357143,0.071357143,0.024004717,0.010532348,0.012109033,0.004333874,0.191641237,0.039150425
Mirounga_angustirostris,12Phocidae,aquatic,aquatic,aquatic,aquatic,base,base,base,base,base,508.3456382,6.033700151,3.194009217,4.997875834,3.836885515,8.094881138,3.821674357,2.070068272,2532.07,508.65,0.010049207,0.059827288,0.016016374,0.016016374,0.069834423,0.032498036,0.042330266,0.035533727,0.118411828,0.056385247
Monachus_monachus,12Phocidae,aquatic,aquatic,aquatic,aquatic,base,base,base,base,base,331.5733043,5.973533835,3.051160879,5.080300752,4.395444786,8.261870848,3.499882244,2.12484994,1689.2,332.5,NA,NA,NA,NA,NA,NA,NA,NA,NA,NA
Monachus_schauinslandi,12Phocidae,aquatic,aquatic,aquatic,aquatic,base,base,base,base,base,268.5742189,5.807109288,3.429917118,4.910668016,4.089909946,9.043590006,3.944321416,1.850804355,1414.759732,287.95,0.022632866,0.01208139,0.012177835,0.012177835,0.014303338,0.024222503,0.008909024,0.006577327,0.06687701,0.014599014
Monachus_tropicalis,12Phocidae,aquatic,aquatic,aquatic,aquatic,base,base,base,base,base,270.0015513,5.763090308,3.249346655,4.801768892,3.997764706,8.314002489,3.627463685,1.943889366,1367.546667,285.3666667,0.03554265,0.020761204,0.023957524,0.023957524,0.016968298,0.011791201,0.034507505,0.02597101,0.050271411,0.059554704
Ommatophoca_rossii,12Phocidae,aquatic,aquatic,aquatic,aquatic,base,base,base,base,base,280.5746758,5.521180123,2.667568601,4.677865373,3.857818939,6.890706156,3.217273083,1.460115721,1331.5179,284.9,0.016317992,0.025725349,0.056831744,0.056831744,0.018083384,0.016001534,0.029189895,0.041873707,0.009755189,0.045310027
Pagophilus_groenlandicus,12Phocidae,aquatic,aquatic,aquatic,aquatic,base,monachinae,base,base,monachinae,207.1148994,5.10309971,3.00893307,4.170622038,4.065119508,7.275300831,2.928574713,2.018184429,935.6214167,231.6,0.181511507,0.095415998,0.029409347,0.029409347,0.079276214,0.049519119,0.024780144,0.03268638,0.156671892,0.261931617
Phoca_vitulina,12Phocidae,aquatic,aquatic,aquatic,aquatic,base,monachinae,base,base,monachinae,208.6428083,5.358172313,3.067671418,4.425214275,4.249557034,7.973702611,3.153496811,2.00218898,983.6325,222.45,0.053023371,0.015273588,0.017983609,0.017983609,0.013054697,0.012666475,0.040592953,0.083084426,0.074973468,0.05684348
Pusa_caspica,12Phocidae,aquatic,aquatic,aquatic,aquatic,base,monachinae,base,base,monachinae,176.6674441,4.605714286,3.318223028,3.769142857,5.077195647,8.2053978,3.164750372,2.265181712,824.5,218.8,NA,NA,NA,NA,NA,NA,NA,NA,NA,NA
Pusa_hispida,12Phocidae,aquatic,aquatic,aquatic,aquatic,base,monachinae,base,base,monachinae,166.9716259,4.478864823,2.881291108,3.626089027,4.436437311,7.264295229,2.73168923,2.025908093,719.07,199.0333333,0.03807036,0.036038606,0.034827438,0.034827438,0.035340858,0.031724931,0.046668347,0.011183622,0.031218751,0.059108199
Pusa_sibirica,12Phocidae,aquatic,aquatic,aquatic,aquatic,base,monachinae,base,base,monachinae,156.9549542,4.3685226,3.302453102,3.489074986,4.745116658,6.998453815,2.779032607,2.434720102,697.56,200.0333333,0.173455266,0.036552894,0.025371867,0.025371867,0.039061048,0.052807659,0.039056251,0.032520232,0.109617942,0.203091713
Conepatus_chinga,13Mephitidae,semi_fossorial,semi_fossorial,omnivore,invertebrates,musteloid,base,base,mephitid,musteloid,53.98013505,5.696655748,2.58574361,4.358227966,3.141156014,6.643950002,3.07371521,1.013884895,217.698,50.04,0.038833454,0.01682406,0.035894479,0.035894479,0.019213277,0.015151823,0.017539975,0.030333964,0.078210416,0.039063438
Conepatus_leuconotus,13Mephitidae,semi_fossorial,semi_fossorial,omnivore,invertebrates,musteloid,base,base,mephitid,musteloid,64.27247848,4.936303066,2.384481756,3.806509414,2.964969692,5.952936209,2.244011353,0.976208285,241.412,63.36,0.032512729,0.008767773,0.027000514,0.027000514,0.011847738,0.016604994,0.014071977,0.057043583,0.117130391,0.025200578
Mephitis_macroura,13Mephitidae,semi_fossorial,semi_fossorial,omnivore,invertebrates,musteloid,base,base,mephitid,musteloid,50.41020173,5.827904762,2.794175355,4.453948718,3.794551955,6.940121881,3.627604185,0.935746654,209.69,47.15,0.003459347,0.027990649,0.026397012,0.026397012,0.027962889,0.052634564,0.00891253,0.039484767,0.019798211,0.035008993
Mephitis_mephitis,13Mephitidae,semi_fossorial,semi_fossorial,omnivore,invertebrates,musteloid,base,base,mephitid,musteloid,56.02868967,5.788387707,2.962812805,4.441248572,3.759627779,6.953023328,3.367988105,0.90681894,236.83375,53.3125,0.030689803,0.015911179,0.01512307,0.01512307,0.020860652,0.017012477,0.016183068,0.033326878,0.087145026,0.022068822
Mydaus_javanensis,13Mephitidae,semi_fossorial,semi_fossorial,insectivore,invertebrates,musteloid,base,base,base,musteloid,64.84503182,5.146231884,3.269056604,3.890724638,3.158643053,7.392385291,2.18902934,1.348060345,268.46,69,NA,NA,NA,NA,NA,NA,NA,NA,NA,NA
Mydaus_marchei,13Mephitidae,semi_fossorial,semi_fossorial,insectivore,invertebrates,musteloid,base,base,base,musteloid,63.89787328,5.208627451,2.67167382,4.036862745,2.820559133,5.943405066,2.713476131,1.474642393,257.35,63.8,NA,NA,NA,NA,NA,NA,NA,NA,NA,NA
Spilogale_gracilis,13Mephitidae,terrestrial,pounce,carnivore,vert_flesh,musteloid,base,base,mephitid,musteloid,40.83767493,6.680394664,2.959110403,5.200489704,4.280539739,8.520278361,4.933742565,1.085467692,191.352,36.82,0.016374883,0.020842017,0.020760457,0.020760457,0.022572101,0.01098586,0.035172719,0.068693846,0.068586057,0.016071408
Spilogale_putorius,13Mephitidae,terrestrial,pounce,carnivore,vert_flesh,musteloid,base,base,mephitid,musteloid,40.33674818,6.783443447,2.96797198,5.254313872,4.022055562,7.891408746,5.329772279,1.125440468,188.57125,35.925,0.022245485,0.013208333,0.013630104,0.013630104,0.015140039,0.022827551,0.029194519,0.022801241,0.031724524,0.022917942
Ailurus_fulgens,14Ailuridae,arboreal,occasional,herbivore,tough,musteloid,base,base,base,musteloid,89.63033169,4.609142672,2.289861037,3.643787459,4.162545668,7.57455765,4.853022993,2.07528404,398.9233333,109.5,0.016841046,0.01249877,0.031121231,0.031121231,0.014794343,0.027521643,0.030749806,0.021400946,0.020458102,0.017599569
Bassaricyon_alleni,15Procyonidae,arboreal,occasional,herbivore,soft,musteloid,bassaricyon,base,base,musteloid,56.78772446,5.80981716,2.575384119,4.486429368,4.14432601,7.196470241,5.713740148,1.541190714,253.8833333,56.6,0.019912322,0.003375142,0.051573053,0.051573053,0.008254704,0.036196662,0.037328753,0.079020912,0.193332783,0.017983338
Bassaricyon_gabbii,15Procyonidae,arboreal,occasional,herbivore,soft,musteloid,bassaricyon,base,base,musteloid,60.06951743,6.431325489,2.771051742,4.974565819,4.06128251,7.190439555,6.164668982,2.113445378,279.81,56.2,NA,NA,NA,NA,NA,NA,NA,NA,NA,NA
Bassaricyon_medius,15Procyonidae,arboreal,occasional,herbivore,soft,musteloid,bassaricyon,base,base,musteloid,62.49975815,5.95247392,2.917826825,4.554447069,3.951889683,6.697895191,5.791614518,1.790849673,279.94,61.5,NA,NA,NA,NA,NA,NA,NA,NA,NA,NA
Bassaricyon_neblina,15Procyonidae,arboreal,occasional,herbivore,soft,musteloid,bassaricyon,base,base,musteloid,53.43938618,6.083273873,2.547524102,4.691721034,4.013944558,7.522313467,5.885748482,2.017303372,242.585,51.775,0.016128779,0.017110224,0.018079288,0.018079288,0.016105728,0.004815123,0.034859556,0.02960404,0.054722683,0.018455411
Bassariscus_astutus,15Procyonidae,semi_arboreal,pounce,carnivore,vert_flesh,musteloid,bassariscus,base,base,musteloid,55.43960666,6.292316118,3.038746688,4.811154095,4.563957521,7.133826761,4.917154435,1.739344396,249.51,52.06666667,0.013410803,0.017514753,0.01160593,0.01160593,0.017308982,0.010764544,0.011943048,0.010066394,0.028240367,0.027319341
Bassariscus_sumichrasti,15Procyonidae,semi_arboreal,occasional,omnivore,generalist,musteloid,bassariscus,base,base,musteloid,59.07847472,6.386272355,2.811531672,4.886548811,4.498446446,7.301316626,4.921909716,1.822192063,269.71,55.25,0.015874267,0.023425882,0.012222896,0.012222896,0.024727944,0.052101532,0.019383923,0.009068007,0.027007657,0.040746517
Nasua_narica,15Procyonidae,semi_arboreal,occasional,omnivore,generalist,musteloid,base,base,base,musteloid,92.67494868,4.567235023,2.777638886,3.422393074,3.094942376,5.496140307,3.534133003,1.612352687,357.378,104.92,0.046082235,0.028930238,0.032887668,0.032887668,0.027793749,0.025805726,0.016662906,0.026355572,0.047983219,0.054217657
Nasua_nasua,15Procyonidae,semi_arboreal,occasional,omnivore,generalist,musteloid,base,base,base,musteloid,85.64014403,4.70862854,2.711637858,3.54914456,3.111757903,5.564308394,3.214157416,1.645591366,330.34555,93.225,0.027632084,0.020918779,0.017574436,0.017574436,0.02178113,0.013980567,0.032859928,0.025457789,0.010863144,0.038321007
Nasuella_olivacea,15Procyonidae,semi_arboreal,occasional,insectivore,invertebrates,musteloid,base,base,base,musteloid,75.28208847,4.636213018,2.990017616,3.431005917,3.281808036,5.173311782,3.606203641,1.633333333,289.92,84.5,NA,NA,NA,NA,NA,NA,NA,NA,NA,NA
Potos_flavus,15Procyonidae,arboreal,occasional,herbivore,soft,musteloid,base,base,base,musteloid,73.25055055,5.240425486,2.306455746,4.105618335,3.440322435,6.840789682,4.506579411,1.456195469,308.78,75.33333333,0.018332156,0.021524617,0.027960019,0.027960019,0.021624368,0.017505198,0.0276066,0.023478248,0.097891476,0.021691765
Procyon_cancrivorus,15Procyonidae,semi_arboreal,occasional,omnivore,generalist,musteloid,base,base,base,musteloid,99.25452479,4.730199136,2.576557387,3.565222683,3.160964524,4.970796792,3.160716257,1.699494772,374.5675,105.225,0.044416771,0.031444533,0.020389365,0.020389365,0.035794611,0.023946419,0.023989172,0.009902448,0.069720392,0.045636821
Procyon_lotor,15Procyonidae,semi_arboreal,occasional,omnivore,generalist,musteloid,base,base,base,musteloid,95.49059694,4.386411356,2.770509464,3.32700608,3.391587294,5.304633907,3.159583096,1.644697219,364.445,109.7666667,0.014550666,0.015282892,0.015512505,0.015512505,0.017382131,0.021514944,0.027340433,0.027781302,0.081837046,0.025848326
Aonyx_capensis,16Mustelidae,semi_aquatic,aquatic,aquatic,aquatic,lutrinae,lutrinae,base,base,musteloid,126.0174791,5.392235982,2.482078929,4.345613983,3.636122168,6.040850537,2.980761303,1.617206851,531.4033333,122.2666667,0.03354172,0.004636494,0.068624845,0.068624845,0.004604797,0.020267182,0.032030583,0.061940615,0.022873806,0.019764039
Aonyx_cinerea,16Mustelidae,semi_aquatic,aquatic,aquatic,aquatic,lutrinae,lutrinae,base,base,musteloid,77.63036192,5.61408737,2.541042198,4.456014694,3.621900342,6.976925993,3.849205413,1.625730281,335.7925,75.375,0.022571359,0.009646845,0.02340915,0.02340915,0.012153039,0.027219309,0.028907554,0.029290418,0.034469855,0.018606799
Arctonyx_collaris,16Mustelidae,semi_fossorial,semi_fossorial,omnivore,invertebrates,musteloid,base,base,base,musteloid,107.5296136,5.35885735,3.009936863,4.064433998,3.5431069,6.681180786,3.179564112,1.650935286,452.075,111.15,0.079099153,0.003381308,0.004264372,0.004264372,0.011899152,0.062228392,0.004173598,0.025837335,0.142311189,0.087038744
Eira_barbara,16Mustelidae,arboreal,pounce,carnivore,vert_flesh,musteloid,mustelid,base,base,musteloid,95.70405122,5.62333886,2.731475306,4.499816382,4.381023886,7.107737056,4.902342824,1.79846907,448.9785714,100.1428571,0.037101579,0.022982857,0.022347173,0.022347173,0.024447743,0.029855167,0.035360556,0.030058092,0.087311398,0.039844847
Enhydra_lutris,16Mustelidae,aquatic,aquatic,aquatic,tough,musteloid,enhydra,base,base,enhydra,161.1572635,3.435461638,2.224431676,2.867452557,2.96878241,5.919810307,2.889544688,1.20303203,660.595,230.375,0.024334062,0.00779504,0.017610596,0.017610596,0.006809523,0.057584691,0.014038766,0.015099801,0.043182704,0.024137946
Galictis_cuja,16Mustelidae,terrestrial,pounce,carnivore,vert_flesh,musteloid,mustelid,base,base,musteloid,52.30694841,6.589748098,2.980238201,5.222111874,4.414624549,10.55278993,4.947133623,2.03965761,270.235,51.9,0.05843927,0.018983758,0.038386958,0.038386958,0.012320381,0.030896328,0.015320441,0.030510277,0.025068324,0.072780547
Galictis_vittata,16Mustelidae,terrestrial,pounce,carnivore,vert_flesh,musteloid,mustelid,base,base,musteloid,65.66398026,6.506845056,2.963865632,5.261722705,4.644773919,9.7855734,4.747207234,1.847288881,344.0433333,65.56666667,0.071543636,0.017264558,0.032397333,0.032397333,0.01574054,0.030019261,0.039221942,0.046566537,0.021963525,0.070651352
Gulo_gulo,16Mustelidae,terrestrial,ambush,carnivore,vert_flesh,musteloid,gulo,base,base,musteloid,117.897884,4.574525998,2.801520235,3.586010264,3.774000352,6.867661906,3.173916239,1.552998568,510.9,142.5625,0.02495735,0.008800953,0.010514637,0.010514637,0.009113405,0.019583594,0.015234713,0.016038511,0.037909806,0.024557365
Hydrictis_maculicollis,16Mustelidae,semi_aquatic,aquatic,aquatic,aquatic,lutrinae,lutrinae,base,base,musteloid,89.05069872,5.952972833,2.667641829,4.793788038,3.86134591,7.585372158,3.647827361,1.516424632,409.2625,85.775,0.028607159,0.029201595,0.025148619,0.025148619,0.028815115,0.035059466,0.034519125,0.041097582,0.058893425,0.034944433
Ictonyx_libyca,16Mustelidae,semi_fossorial,semi_fossorial,carnivore,vert_flesh,musteloid,mustelid,base,base,musteloid,31.43304309,6.132506583,2.953287046,4.573014582,4.221343788,8.917970439,3.765698797,1.188918501,146.9966667,31.96666667,0.07097656,0.060928207,0.022526711,0.022526711,0.08928599,0.060949426,0.074863881,0.104849687,0.068708759,0.031560522
Ictonyx_striatus,16Mustelidae,semi_fossorial,pounce,carnivore,vert_flesh,musteloid,mustelid,base,base,musteloid,48.3719801,6.029368555,2.647570143,4.759797951,4.424710652,8.698883846,3.797762938,1.441831551,232.3783333,48.91666667,0.068298891,0.01411215,0.020905716,0.020905716,0.011157725,0.042184028,0.03010752,0.02491748,0.104082898,0.076448686
Lontra_canadensis,16Mustelidae,semi_aquatic,aquatic,aquatic,aquatic,lutrinae,lutrinae,base,base,musteloid,104.4063337,5.581015061,2.885813058,4.541342376,3.953476172,8.197793416,3.21619597,1.777838664,487.0442857,107.5428571,0.01283967,0.020124901,0.021802199,0.021802199,0.019316947,0.011959997,0.011650876,0.016266086,0.015880701,0.026213881
Lontra_felina,16Mustelidae,semi_aquatic,aquatic,aquatic,aquatic,lutrinae,lutrinae,base,base,musteloid,82.26991187,5.025352425,2.816545829,4.025176997,3.773903998,8.111517745,3.39133879,1.86804933,372.8533333,92.7,0.028001322,0.007752253,0.017553921,0.017553921,0.005726498,0.012520855,0.012425512,0.011270494,0.016919114,0.032142757
Lontra_longicaudis,16Mustelidae,semi_aquatic,aquatic,aquatic,aquatic,lutrinae,lutrinae,base,base,musteloid,94.22903037,5.833152583,2.717878559,4.70398408,4.034704958,7.82894374,3.41930813,1.78859187,435.8116667,92.93333333,0.025035605,0.020945431,0.019136079,0.019136079,0.017080794,0.042594236,0.028759414,0.038550083,0.019105046,0.040758843
Lutra_lutra,16Mustelidae,semi_aquatic,aquatic,aquatic,aquatic,lutrinae,lutrinae,base,base,musteloid,95.91076731,5.574366925,3.021857923,4.488372093,4.011508426,7.181902811,3.980776432,1.613430908,434.25,96.8,NA,NA,NA,NA,NA,NA,NA,NA,NA,NA
Lutrogale_perspicillata,16Mustelidae,semi_aquatic,aquatic,aquatic,aquatic,lutrinae,lutrinae,base,base,musteloid,108.7764963,5.747118644,2.855693069,4.629733656,3.808166738,6.458444056,3.567060459,1.573867854,478.02,103.3,NA,NA,NA,NA,NA,NA,NA,NA,NA,NA
Martes_americana,16Mustelidae,semi_arboreal,pounce,carnivore,vert_flesh,musteloid,mustelid,base,base,musteloid,57.57407931,6.797637945,3.016921312,5.36925743,4.9044093,9.240822031,6.191704955,2.280506061,305.4771429,56.97142857,0.034587164,0.01359681,0.013824945,0.013824945,0.01423826,0.008141016,0.023631238,0.010876179,0.038183458,0.035540047
Martes_flavigula,16Mustelidae,semi_arboreal,pounce,carnivore,vert_flesh,musteloid,mustelid,base,base,musteloid,77.50186487,6.367332656,2.906439407,5.098873396,4.610314399,9.064885237,5.830319614,2.068115186,395.5942857,78.72857143,0.056076953,0.037180375,0.031870432,0.031870432,0.03512713,0.025854209,0.037263649,0.032128996,0.025767371,0.077395142
Martes_foina,16Mustelidae,semi_arboreal,pounce,carnivore,vert_flesh,musteloid,mustelid,base,base,musteloid,57.30445861,6.231477223,2.975303323,4.955578593,5.098009313,9.051997777,6.269610777,2.358109435,299.9633333,60.53333333,0.025708442,0.008213635,0.019773239,0.019773239,0.008071086,0.023688316,0.020572436,0.018183437,0.026754263,0.018928821
Martes_martes,16Mustelidae,semi_arboreal,pounce,carnivore,vert_flesh,musteloid,mustelid,base,base,musteloid,58.34776703,5.849291339,3.015180266,4.598110236,4.075114177,8.465935527,6.489151367,2.263274336,291.98,63.5,NA,NA,NA,NA,NA,NA,NA,NA,NA,NA
Meles_leucurus,16Mustelidae,semi_fossorial,semi_fossorial,insectivore,invertebrates,musteloid,base,base,base,musteloid,91.84881064,5.310075949,2.825187484,4.203746835,4.028205278,7.489423319,3.335402763,1.650608519,415.12,98.8,NA,NA,NA,NA,NA,NA,NA,NA,NA,NA
Meles_meles,16Mustelidae,semi_fossorial,semi_fossorial,insectivore,invertebrates,musteloid,base,base,base,musteloid,104.4525799,4.825756612,2.472728795,3.786181853,3.7374882,6.473121635,3.042788913,1.585860727,437.045,116.475,0.047067094,0.045797928,0.041567278,0.041567278,0.050020245,0.01411855,0.024442162,0.038496037,0.131710708,0.071941514
Mellivora_capensis,16Mustelidae,semi_fossorial,occasional,carnivore,vert_flesh,musteloid,base,base,base,musteloid,106.451256,5.186002281,2.556945286,4.006989113,3.322519072,6.960070583,2.863629631,1.387256358,452.8942857,113.7142857,0.0468159,0.03233315,0.02447254,0.02447254,0.034798964,0.025268095,0.026485606,0.044532991,0.036090578,0.045203916
Melogale_moschata,16Mustelidae,semi_arboreal,occasional,omnivore,invertebrates,musteloid,mustelid,base,base,musteloid,58.1899942,5.917972848,2.722983723,4.572194932,3.894775414,6.696566204,4.136087728,1.537252925,252.4225,55.35,0.020045012,0.023757052,0.037164159,0.037164159,0.026149442,0.021404498,0.043602335,0.034579354,0.056961446,0.032923433
Melogale_personata,16Mustelidae,semi_arboreal,occasional,omnivore,invertebrates,musteloid,mustelid,base,base,musteloid,58.94670717,5.779002762,2.73207294,4.526636989,3.794270219,7.294272416,4.579733038,1.535712714,262.255,58.1,0.081317505,0.038401077,0.006196056,0.006196056,0.049741416,0.0678133,0.225155193,0.174866509,0.094207586,0.051681075
Mustela_altaica,16Mustelidae,terrestrial,pounce,carnivore,vert_flesh,musteloid,mustela,mustela,base,musteloid,33.36052563,7.392661861,3.144679024,5.83786604,5.165966122,10.2736758,6.678971344,1.763026422,180.368,30.98,0.050977605,0.01465727,0.027521191,0.027521191,0.014117685,0.022440899,0.016932464,0.03138119,0.073707477,0.060331664
Mustela_erminea,16Mustelidae,terrestrial,pounce,carnivore,vert_flesh,musteloid,mustela,mustela,base,musteloid,29.32148399,7.438153592,3.073034426,5.902183896,4.935088059,12.14417588,7.087856035,1.672384461,161.945,27.75,0.087873286,0.027069477,0.056855915,0.056855915,0.024153662,0.041555918,0.027910346,0.069113425,0.081698873,0.101478394
Mustela_eversmanii,16Mustelidae,terrestrial,pounce,carnivore,vert_flesh,musteloid,mustela,mustela,base,musteloid,57.01875209,6.600544279,3.178147171,5.426288022,4.976759634,11.17656722,7.187285456,2.088198639,325.17,60.3,0.107042963,0.051293378,0.029152154,0.029152154,0.04028216,0.008433708,0.025572034,0.007535466,0.075526625,0.163974729
Mustela_frenata,16Mustelidae,terrestrial,pounce,carnivore,vert_flesh,musteloid,mustela,mustela,base,musteloid,35.21222498,6.983703238,3.05214512,5.539227563,4.822346547,9.902390299,6.329340475,2.084119339,186.594,33.8,0.035321278,0.014009305,0.013929742,0.013929742,0.013119191,0.023306933,0.031094055,0.021928915,0.033942057,0.038836778
Mustela_itatsi,16Mustelidae,terrestrial,pounce,carnivore,vert_flesh,musteloid,mustela,mustela,base,musteloid,49.21501883,6.884841861,3.386914834,5.572183892,5.317070096,7.815453087,6.2254754,1.753158406,254.91,45.7,NA,NA,NA,NA,NA,NA,NA,NA,NA,NA
Mustela_kathiah,16Mustelidae,terrestrial,pounce,carnivore,vert_flesh,musteloid,mustela,mustela,base,musteloid,31.23413917,8.220625724,3.455927052,6.534229432,5.506947052,11.26647966,6.349914237,2.151394422,176.22,27,NA,NA,NA,NA,NA,NA,NA,NA,NA,NA
Mustela_nigripes,16Mustelidae,terrestrial,pounce,carnivore,vert_flesh,musteloid,mustela,mustela,base,musteloid,51.65681474,7.140592126,3.245412112,5.8083931,5.052610956,10.99504256,6.830179656,2.218805714,292.4977778,50.51111111,0.023682873,0.016012778,0.018804367,0.018804367,0.015284857,0.03189711,0.023624262,0.023640564,0.055938121,0.028475207
Mustela_nivalis,16Mustelidae,terrestrial,pounce,carnivore,vert_flesh,musteloid,mustela,mustela,base,musteloid,21.30022092,7.501734758,2.986420697,5.899968573,4.706316635,11.5546287,8.032756422,2.200990991,118.065,20,0.078123876,0.000417251,0.027461093,0.027461093,0.007415829,0.033634496,0.028791656,0.018006407,0.023785746,0.075141102
Mustela_nudipes,16Mustelidae,terrestrial,pounce,carnivore,vert_flesh,musteloid,mustela,mustela,base,musteloid,46.17515166,7.472053472,3.449275362,6.058017081,5.840827338,10.14841305,5.786432562,1.855324074,254.91,42.1,NA,NA,NA,NA,NA,NA,NA,NA,NA,NA
Mustela_putorius,16Mustelidae,terrestrial,pounce,carnivore,vert_flesh,musteloid,mustela,mustela,base,musteloid,46.36707095,6.974220433,3.435669495,5.641892822,4.857670456,11.11397161,7.511641973,2.061416795,260.08,46.48571429,0.022859502,0.034527117,0.01287272,0.01287272,0.034808013,0.023287428,0.023507982,0.017863421,0.027616593,0.045362799
Mustela_sibirica,16Mustelidae,terrestrial,pounce,carnivore,vert_flesh,musteloid,mustela,mustela,base,musteloid,46.15859657,7.235739004,3.026687005,5.814075679,4.940845023,9.012054043,6.111963564,1.851185083,241.1733333,41.56666667,0.071248506,0.022622528,0.022176128,0.022176128,0.024224052,0.007991209,0.023505779,0.040945442,0.036378349,0.073446146
Mustela_vison,16Mustelidae,terrestrial,pounce,carnivore,vert_flesh,musteloid,mustela,mustela,base,musteloid,50.07067105,7.127129395,3.194915983,5.742828358,4.928079046,9.788958409,5.755883774,1.77817685,265.6775,46.625,0.034765292,0.024114629,0.008435563,0.008435563,0.023694548,0.021440417,0.018832645,0.016538548,0.075985258,0.052731948
Pekania_pennanti,16Mustelidae,semi_arboreal,pounce,carnivore,vert_flesh,musteloid,mustelid,base,base,musteloid,83.19818682,6.066529673,2.95624818,4.762737706,4.756509601,7.9964872,5.136485245,2.242952798,406.8583333,85.65,0.043456128,0.018432556,0.039013508,0.039013508,0.018269534,0.016787978,0.02805047,0.02199166,0.054583643,0.040514774
Poecilogale_albinucha,16Mustelidae,semi_fossorial,pounce,carnivore,vert_flesh,musteloid,poecilogale,base,base,musteloid,38.61562936,8.363804475,3.120752734,6.749814786,5.560288861,12.16979749,5.617988597,1.371039675,226.19,33.53333333,0.092514666,0.0129901,0.051507464,0.051507464,0.010466226,0.023630463,0.021961584,0.016422195,0.067297337,0.080343534
Pteronura_brasiliensis,16Mustelidae,semi_aquatic,aquatic,aquatic,aquatic,lutrinae,mustelid,base,base,pteronura,145.4085489,6.875616152,2.679565188,5.655395215,3.980233275,7.393186446,3.046152656,1.880755987,687.078,121.78,0.028803712,0.021395099,0.02311741,0.02311741,0.019745906,0.03473963,0.017149413,0.033732889,0.132195379,0.041586693
Taxidea_taxus,16Mustelidae,semi_fossorial,semi_fossorial,carnivore,vert_flesh,musteloid,base,base,base,musteloid,99.04666918,4.60227982,2.815382634,3.461446321,3.098047521,5.514379215,2.928079936,1.35271533,384.708,111.3875,0.013573558,0.014426805,0.016085999,0.016085999,0.014148748,0.015685013,0.022417307,0.042271109,0.022790405,0.024164451